Изображения;Название;Артикул;Цена;Валюта;Наличие;Категория;URL;Описание;PEGI;Platform;Release;Publisher;Genres;Voice;Screen Languages;Rating;PS5 Screen Languages;PS4 Screen Languages;Старая цена
https://image.api.playstation.com/vulcan/ap/rnd/202604/2216/83baec5746075ec3e379c096dfe68111095c91cb7139a633.png;UFC® 6;EP0006-PPSA23566_00-BASEUFC6GAME0000;4999;INR;Да;New;https://store.playstation.com/en-in/concept/10011247;EA SPORTS™ UFC® 6 is powered by fighters. Evolved striking and motion systems bring those UFC stars to life in the Octagon, while new game modes introduce immersive storytelling that makes every fight feel personal. That starts with Markerless Capture, which delivers unprecedented fighter fidelity with authentic locomotion and Signature Strikes, complemented by new fighter bodies built with Sapien Technology that make your favorite UFC superstars truly look, move, and fight like themselves. Real-Time Contact brings the impact to the Octagon with Frostbite™ powered ragdoll physics and damage reactions that hurt so good. When you really start dishing out the damage, enter Flow State, which engages an athlete's standout skills in punishing fashion. Finally, all-new game modes like Hall of Legends and The Legacy let you experience the stories of UFC greats or carve your own path, from backrooms to the bright lights. Square up and fight your fight.<br><br>This game includes optional in-game purchases of virtual currency that can be used to acquire virtual in-game items.;PEGI 16;PS5;19/6/2026;EA Swiss Sarl;Sport;English, German;Chinese (Simplified), Chinese (Traditional), English, French (France), German, Italian, Japanese, Korean, Polish, Portuguese (Brazil), Spanish;3.28;;;
https://image.api.playstation.com/vulcan/ap/rnd/202507/0714/683bb359dcdc3856e433ebadaa56dde7fc04403cea152cf7.png;Gothic 1 Remake;EP4389-PPSA09827_00-GOTHIC1REMAKE000;3499;INR;Да;New;https://store.playstation.com/en-in/concept/10005976;The Legend is Back <br><br>Return to the Valley of the Mines in this faithful remake of the genre-defining open world RPG. Explore a hand-crafted, organic open world that reacts dynamically to your actions. Whether you're a seasoned Gothic veteran or this is your first time being thrown into the colony, you're in for a true RPG experience with unrestricted exploration like no other. <br><br>Welcome to the Colony <br><br>The Kingdom of Myrtana has been invaded by a relentless horde of orcs. Desperate for powerful weapons to repel them, King Rhobar II orders the mining of vast quantities of magical ore, setting every available prisoner to work in the Khorinis mines. To ensure no one escapes, the King commands his most skilled mages to erect a magical barrier. But something goes terribly wrong, and the magic spirals out of control, trapping everyone inside. The prisoners rebel, transforming the mine into a lawless territory ruled by the Colony’s most brutal inmates. <br><br>Now, the King must negotiate with these new rulers, as tensions rise among the mine's factions. Amidst the chaos, the arrival of an unknown prisoner will change everything … <br><br>A True RPG-Experience <br><br>Gothic 1 Remake remains faithful to the original experience, rebuilding the game from the ground up while preserving its distinctive sense of unrestricted exploration and satisfying progression. The dark and gritty world of the Colony is richly detailed and immersive, with NPCs and wildlife following realistic daily routines independent from the player. <br><br>While the core pillars of the game remain intact, the remake enhances the experience with expanded and more detailed questlines, additional NPC routines and reactions, new traversal abilities, and a fully modernized combat system. <br><br>Features <br><br>Faithful Remake: Experience the original 2001 RPG classic fully rebuilt using current gen technology, preserving its iconic atmosphere while enhancing the gameplay for a fluid and dynamic experience. <br><br>Expansive Gameplay: Immerse yourself in over 50 hours of gameplay, exploring the vast and dangerous world of the Colony. Discover secrets old and new, challenging combat encounters, and unique NPCs each with their own story to tell <br><br>Dynamic Living World: Explore a vibrant world where inhabitants go about their daily lives—working, sleeping, eating, and fighting to survive, adding depth and realism to this immersive world. <br><br>Branching Story: Chose which of the three factions to align with, influencing how your abilities and playstyle develop and how this true adventure unfolds. <br><br>Enhanced Combat System: Master a modernized combat system that updates the core mechanics of the original, offering a more fluid and dynamic experience while staying true to its deliberate and tactical roots. <br><br>Play as the Nameless Hero: Navigate the fate of a lifelong convict who must survive in a treacherous world filled with wild animals, ancient magic, and dangerous foes.<br><br>Please note that Gothic 1 Remake is only available for PlayStation®5 and is not supported on PlayStation®4.;IARC 18+;PS5;5/6/2026;THQ NORDIC GMBH;Role Playing Games;English, German, Polish, Russian;Chinese (Simplified), English, French (France), German, Italian, Japanese, Polish, Portuguese (Brazil), Russian, Spanish;3.74;;;
https://image.api.playstation.com/vulcan/ap/rnd/202507/0215/f98041a10ccc22d45fc2f6eded09eec50abd106d01547a5d.png;007 First Light;EP3969-PPSA11386_00-007FIRSTLIGHT000;3999;INR;Да;New;https://store.playstation.com/en-in/concept/10006560;Follow James Bond as a young, resourceful and sometimes reckless recruit in MI6's training program, and discover an origin story of the world’s most famous spy.<br><br>After a heroic act, young Naval air crewman James Bond is offered to join the newly revived Double 0 program. But when a mission to stop a rogue agent ends in tragedy, he must join forces with his reluctant mentor Greenway to expose a deep conspiracy and stop a looming coup at the heart of the State.<br><br>BECOME 007 <br>Discover a new standalone, re-imagined James Bond origin story, and the events that lead an audacious young hero to become the best MI6 agent.<br><br>A THRILLING ESPIONAGE ADVENTURE<br>Embark on missions in breathtaking locations, drive iconic vehicles, and dive into a cinematic adventure in pursuit of a rogue agent who’s always one step ahead.<br><br>SPYING, YOUR WAY<br>Go silent or go loud. Whether fighting with fists or firepower, using gadgets to infiltrate, or bluffing your way past guards, the approach is entirely up to you.<br><br>WELCOME TO MI6<br>Test your skills and replay your favorite missions with additional modifiers, for endless espionage fun!<br><br><br>JOIN THE COMMUNITY CHALLENGE & GET REWARDS<br>The mission is simple: rally together and unlock the wishlist milestones for 007 First Light. With every milestone reached, new in-game and community rewards are unlocked, adding style, sophistication, and a secret reward.<br><br>Sign-up to IOI Account to claim the community unlocks. More wishlists unlocks collective rewards each time you reach a new tier.;IARC 16+;PS5;26/5/2026;IO Interactive A/S;Adventure, Action;English;Chinese (Simplified), Chinese (Traditional), English, French (France), German, Italian, Japanese, Korean, Polish, Portuguese (Brazil), Russian, Spanish, Spanish (Mexico), Turkish;4.67;;;
https://image.api.playstation.com/vulcan/ap/rnd/202605/0812/b35eb94bfc6f2723c4570be353bc7f2b6828f9722fc28596.png;AA Truck Simulator Euro Roads 2026;UB2030-PPSA37997_00-0637918884194509;1664;INR;Да;New;https://store.playstation.com/en-in/concept/10019715;Hit the road in AA Truck Simulator Euro Roads 2026 and experience the life of a professional truck driver across Europe. Travel through highways, busy cities, countryside roads, and mountain routes while completing deliveries, earning money, and expanding your transport business. Drive powerful trucks, manage fuel and repairs, and face realistic conditions including traffic, weather changes, and day-night cycles. From fragile cargo to heavy freight, every delivery challenges your driving skills.<br>Key Features:<br>• Massive European Road Network – Explore highways, villages, mountains, and urban streets.<br> • Realistic Truck Driving – Enjoy detailed controls, traffic systems, fuel management, and dynamic weather.<br> • Cargo Delivery Missions – Transport containers, machinery, fuel, and oversized cargo.<br> • Truck Customization & Upgrades – Upgrade engines, cabins, wheels, lights, and paint jobs.<br> • Business Management – Earn profits, buy trucks, hire drivers, and grow your company.<br>Build your trucking career and conquer Europe’s roads in AA Truck Simulator Euro Roads 2026.;IARC 3+;PS5;17/6/2026;Xie Jiajian trading as Noodels Games World;Action, Driving/Racing, Simulation;;English;1.97;;;
https://image.api.playstation.com/vulcan/ap/rnd/202603/0317/a69ebc98b53793026faa89e45bd3e185a9af989e6b6d57ce.png;Air Hunter;UB0337-PPSA36380_00-0617369103765086;249;INR;Да;New;https://store.playstation.com/en-in/concept/10018795;Take control of an armed helicopter and tear through a compact island city in nonstop arcade chaos.<br><br>Your chopper never stops moving forward. Steer left and right, climb and dive, and unleash continuous machine-gun fire as enemy vehicles swarm the streets below. Cars explode in exaggerated fireballs, trees burst into pixel fragments, and destruction is bold, colorful, and intentionally over-the-top.<br><br>Battle through escalating waves made up of intense combat phases and fast-paced bonus rounds. Destroy every marked target to progress, survive incoming fire, and avoid causing too much structural damage or risk losing it all.<br><br>Earn coins after each sub-wave and invest in permanent upgrades like increased speed, stronger shields, and boosted earnings to push further into the endless challenge.<br><br>Fast controls, chaotic action, and wave-based progression combine into a high-energy aerial hunt built for instant replayability.;IARC 16+;PS5;11/6/2026;Entity3 Limited;Arcade;;English;3.63;;;
https://image.api.playstation.com/vulcan/ap/rnd/202505/2112/f5a0b388385b44a38cc542d8b32cc1c543fde22cf1f53879.png;Alchemist: Journey of The Soul;EP5265-PPSA37192_00-0094644565948452;998;INR;Да;New;https://store.playstation.com/en-in/concept/10015499;First-person adventure game, playable solo or co-op with up to 4 players. Use your magical abilities to solve puzzles or navigate through areas! Explore, use items, brew potions and unlock your full alchemical potential. Are you willing to do what it takes to claim a soul of your own?;IARC 3+;PS4, PS5;19/6/2026;ONSKULL DEVELOPMENT;Adventure, Puzzle;;Chinese (Simplified), English, French (France), German, Italian, Korean, Portuguese (Brazil), Russian, Spanish;4.11;;;
https://image.api.playstation.com/vulcan/ap/rnd/202604/2720/0b099a0c7434a15fc4a36aa7261b9e2262e75ba20640987a.png;Aleesha's Tower PS4® & PS5®;EP7099-PPSA27953_00-PPGALEESHASTOWER;499;INR;Да;New;https://store.playstation.com/en-in/concept/10013808;A young woman named Aleesha was hunted and killed, accused of witchcraft. Years later, she comes back to take revenge on all mankind... and it's up to you to stop her!<br><br>Aleesha's Tower is an action platformer game inspired by the arcade classics of the 80's and 90's. In the game, you are a warrior and must prevent the evil horde created by Aleesha from destroying all mankind.<br><br>Go through 6 different scenarios, each one with a unique boss at the end. Besides your trusty sword and shield, you'll find various sub-weapons along the way that will help you complete your journey.<br><br>Features:<br>* Handmade pixel art<br>* 6 different bosses<br>* Lots of nostalgia for those who lived the arcade era<br>* Many different enemies<br>* And much more...<br><br>This product entitles you to download both the digital PS4® version and the digital PS5® version of this game.<br>If you already own the PS4® version of this game, you can get the PS5® digital version at no extra cost and you do not need to purchase this product. Owners of a PS4® disc copy must insert it into the PS5® every time they want to download or play the PS5® digital version. PS4® game disc owners who buy the PS5® Digital Edition disc-free console will not be able to get the PS5® version at no extra cost.;IARC 16+;PS5;9/6/2026;Penguin Pop Games LLC;Arcade;;English;2.88;;;
https://image.api.playstation.com/vulcan/ap/rnd/202604/2710/b05e1cd85ad55e8844e515a14e064b777805cd0c80f5723b.png;Alien Cat Story;UB0851-PPSA37784_00-ALIENCATSTORYPS5;665;INR;Да;New;https://store.playstation.com/en-in/concept/10019591;"Get ready for an amazing adventure on an alien planet, full of dangers, puzzles and unexpected allies. Only you can help the cat fix his ship and leave this dangerous world.<br><br>The main character is a cat, a pilot of a small flying ship. After an accident, he finds himself on an unknown planet, where his goal is to collect fuses to fix the ship and return home.<br>On the way, the cat encounters various enemies, difficult levels and puzzles, as well as allies. The game is in the style of a 2D platformer, where the hero moves through the levels, jumps, fights enemies and collects the necessary items to repair the ship. The controls are simple and intuitive, which makes the game accessible to both beginners and experienced players.<br>Top-view puzzles: In some levels, the view switches to ""from above"", and you must solve puzzles to open access to the next stage.<br>Ship Repair Between levels, the hero returns to his ship, where he uses the collected diodes to repair it. With each new diode, the cat gets one step closer to fixing the ship and returning home.<br>Conclusion Get ready for an amazing adventure on an alien planet, full of dangers, puzzles and unexpected allies. Only you can help the cat fix his ship and leave this dangerous world.";IARC 3+;PS5;27/5/2026;Brainium Games LLC;Puzzle;;English, Russian;5;;;
https://image.api.playstation.com/vulcan/ap/rnd/202604/2214/00570ef20173a8e7b56124cf11391b4fb0118498acbe4176.png;Amanda the Adventurer 3;HP7254-PPSA36061_00-0884867920079607;832;INR;Да;New;https://store.playstation.com/en-in/concept/10018604;"In Amanda the Adventurer 3, continue Riley Park’s journey, immediately following the events of the previous game, as they discover the truth behind the ongoing mysteries surrounding Amanda and Hameln.<br><br>After being left a mysterious tape by their Aunt Kate that set into motion a series of events surrounding the children’s show Amanda the Adventurer, Riley Park survived their Aunt’s attic only to find more mysteries and danger awaiting at the Kensdale Public Library. With the help of a mysterious masked woman, Riley barely escaped the library with their life, and now must explore the abandoned Hameln facilities.<br><br>In the final game, play through a return to form taking the best elements of both previous games to create an experience that is bound to thrill both returning and new players alike.<br><br>FEATURES<br><br>- Challenging, escape room style puzzles using clues hidden within the tapes<br>- Interact with Amanda, and friends in an all new series of 90’s style CGI adventures!<br>- New Area: You’re not at the Kensdale Public Library anymore! Explore an abandoned Hameln Facility with decades of secrets to uncover.<br>- Bring closure to the story of Amanda, Riley, Aunt Kate, and everyone affected by the sinister production of Amanda the Adventurer and the Hameln Corporation’s mysterious motivations.";IARC 12+;PS4, PS5;28/5/2026;DreadXP;Horror, Adventure;English;English, French (France), German, Italian, Japanese, Polish, Portuguese (Brazil), Spanish (Mexico);4.87;;;
https://image.api.playstation.com/vulcan/ap/rnd/202603/2623/781dd9c38d6b50aeabb6c912800669e7df91c0304dd3b5d1.png;Arashi Gaiden;HB1576-PPSA31873_00-0PS5ARASHIGAIDEN;1415;INR;Да;New;https://store.playstation.com/en-in/concept/10014599;KILL ALL ENEMIES<br><br>Arashi Gaiden is a turn-based action game with fast-paced dash and slash combat. Use the dash mechanic to quickly traverse levels and slice your enemies in half in style, combining your blade with shurikens, teleports and chains that paralyze your opponents.<br><br>BREAK THE TURN STRUCTURE<br><br>Overcome levels with mechanics that change how you play and face Bosses that redefine what a turn-based game is by using special abilities in real time.<br><br>Stop the time of your enemies, play shurikens, teleport and change the direction of your dash!<br>Use special skills to master the field of combat, make combos and win creatively.<br><br>Survive 7 bosses that also break the turn structure, using bombs, traps, flying cuts, flames and more! Play carefully or frantically, the choice is yours.<br><br>- Over 5 hours of fun in turn-based combat, with diverse challenges and multiple solutions.<br>- A new level for an innovative combat system, Dash and Slash: enjoy turn-based combat with fast moves.<br>- Experience a stylish turn-based action game with puzzle features (or vice versa).<br><br>WIN WITH STYLE<br><br>- Get Power-Ups as you progress through the game, but manage them well during the match.<br>- Achieve the perfect score in each room.<br>- Replay each Stage with new powers after unlocking it.<br>- Enjoy guts and blood flying everywhere in pixel art while cutting your enemies in beautiful stages featuring settings from different locations in Japan.<br>- Discover Arashi's story, his involvement with Lobo and deepen the Lore of the Bravery Universe.;IARC 16+;PS4, PS5;11/6/2026;Nuntius Games, LLC;Action;;;4.82;Chinese (Simplified), Chinese (Traditional), English, French (France), German, Japanese, Portuguese (Brazil), Russian, Spanish;Chinese (Simplified), Chinese (Traditional), English, French (France), German, Japanese, Korean, Portuguese (Brazil), Russian, Spanish;
https://image.api.playstation.com/vulcan/ap/rnd/202604/2809/8a3e95e4665f953c340157c51b95112727ba76ad55e22df1.png;Arcade Archives 2 ACE DRIVER;JP0571-PPSA30550_00-HAMPRDC000000001;1415;INR;Да;New;https://store.playstation.com/en-in/concept/10015389;"""ACE DRIVER"" is a racing game released by NAMCO LIMITED (current Bandai Namco Entertainment Inc.) in 1994.<br>Experience the essence of racing with breathtaking race tracks and authentic handling.<br>Choose a class based on your player level and charge through the game! Who is the true ACE DRIVER!?<br><br>The “Arcade Archives”series is developed with the concept of faithfully reproducing classic arcade games. It also includes convenient features such as difficulty and screen settings, rewind, rapid-fire, and multiple save slots. In addition, players can compete for the best scores with players around the world through online rankings.<br>“Arcade Archives 2” adds a new “TIME ATTACK MODE” to the lineup of “ORIGINAL MODE,” “HI SCORE MODE,” and “CARAVAN MODE” included in the Arcade Archives series. In “TIME ATTACK MODE,” players compete to clear the game as quickly as possible, regardless of the score achieved. VRR (Variable Refresh Rate) support has also been added, allowing gameplay to be reproduced even closer to the original arcade experience.<br><br>Please enjoy these iconic arcade games that defined an era with the “Arcade Archives” series!<br><br>*This product can only be played on PlayStation_5.<br>In addition to this product, there is also the PlayStation_4 software ""Arcade Archives ACE DRIVER"". There is no compatibility between the save data of this product and the PlayStation_4 software ""Arcade Archives ACE DRIVER"", nor is there compatibility with the additional content. Please be careful not to purchase duplicates or the wrong product.<br><br>*If you have purchased PlayStation_4 ""Arcade Archives ACE DRIVER,"" you will be able to purchase PlayStation_5 ""Arcade Archives 2 ACE DRIVER"" as part of a ""Game Owner Discount"".<br><br>*The options menu and manual are available in Japanese, English, French, German, Italian, and Spanish.";IARC 3+;PS5;27/5/2026;HAMSTER CORPORATION;Driving/Racing;English;English, French (France), German, Italian, Japanese, Spanish;4.54;;;
https://image.api.playstation.com/vulcan/ap/rnd/202605/0709/f2be68c01fe03fbc766a057e8aa9b24e740efa1502385a9a.png;Arcade Archives 2 CAMELTRY;JP0571-PPSA33533_00-HAMPRDC000000001;749;INR;Да;New;https://store.playstation.com/en-in/concept/10017051;"""CAMELTRY"" is an action game released by TAITO in 1990.<br>Rotate the maze to roll the ball and reach the goal before the timer hits zero. A variety of obstacles stand in your way, including traps that reduce your time and bumpers that bounce the ball away. It's a unique ball-action game with a whole new sensation.<br><br>The “Arcade Archives”series is developed with the concept of faithfully reproducing classic arcade games. It also includes convenient features such as difficulty and screen settings, rewind, rapid-fire, and multiple save slots. In addition, players can compete for the best scores with players around the world through online rankings.<br>“Arcade Archives 2” adds a new “TIME ATTACK MODE” to the lineup of “ORIGINAL MODE,” “HI SCORE MODE,” and “CARAVAN MODE” included in the Arcade Archives series. In “TIME ATTACK MODE,” players compete to clear the game as quickly as possible, regardless of the score achieved. VRR (Variable Refresh Rate) support has also been added, allowing gameplay to be reproduced even closer to the original arcade experience.<br><br>Please enjoy these iconic arcade games that defined an era with the “Arcade Archives” series!<br><br>*This product can only be played on PlayStation_5.<br>In addition to this product, there is also the PlayStation_4 software ""Arcade Archives CAMELTRY"". There is no compatibility between the save data of this product and the PlayStation_4 software ""Arcade Archives CAMELTRY"", nor is there compatibility with the additional content. Please be careful not to purchase duplicates or the wrong product.<br><br>*If you have purchased PlayStation_4 ""Arcade Archives CAMELTRY,"" you will be able to purchase PlayStation_5 ""Arcade Archives 2 CAMELTRY"" as part of a ""Game Owner Discount"".<br><br>*The options menu and manual are available in Japanese, English, French, German, Italian, and Spanish.";IARC 3+;PS5;3/6/2026;HAMSTER CORPORATION;Puzzle, Action;;English, French (France), German, Italian, Japanese, Spanish;4.9;;;
https://image.api.playstation.com/vulcan/ap/rnd/202605/1205/ad52fda0a2c8b0bdd32a5d8b62a76eab85ee3da7f4255569.png;Arcade Archives 2 RACK'EM UP;JP0571-PPSA36708_00-HAMPRDC000000001;749;INR;Да;New;https://store.playstation.com/en-in/concept/10018981;"""RACK'EM UP"" is a sports game released by KONAMI in 1987.<br>In this game, you can play pool (pocket billiards) with Nine-Ball or Rotation rules. A key feature of this game is the ability to check the positions of the cue ball and object balls on the 3D screen. The game appeals to a wide range of age groups.<br><br>The “Arcade Archives”series is developed with the concept of faithfully reproducing classic arcade games. It also includes convenient features such as difficulty and screen settings, rewind, rapid-fire, and multiple save slots. In addition, players can compete for the best scores with players around the world through online rankings.<br>“Arcade Archives 2” adds a new “TIME ATTACK MODE” to the lineup of “ORIGINAL MODE,” “HI SCORE MODE,” and “CARAVAN MODE” included in the Arcade Archives series. In “TIME ATTACK MODE,” players compete to clear the game as quickly as possible, regardless of the score achieved. VRR (Variable Refresh Rate) support has also been added, allowing gameplay to be reproduced even closer to the original arcade experience.<br><br>Please enjoy these iconic arcade games that defined an era with the “Arcade Archives” series!<br><br>*This product can only be played on PlayStation_5.<br>In addition to this product, there is also the PlayStation_4 software ""Arcade Archives RACK'EM UP"". There is no compatibility between the save data of this product and the PlayStation_4 software ""Arcade Archives RACK'EM UP"", nor is there compatibility with the additional content. Please be careful not to purchase duplicates or the wrong product.<br><br>*If you have purchased PlayStation_4 ""Arcade Archives RACK'EM UP,"" you will be able to purchase PlayStation_5 ""Arcade Archives 2 RACK'EM UP"" as part of a ""Game Owner Discount"".<br><br>*The options menu and manual are available in Japanese, English, French, German, Italian, and Spanish.";IARC 3+;PS5;10/6/2026;HAMSTER CORPORATION;Casual;;English, French (France), German, Italian, Japanese, Spanish;5;;;
https://image.api.playstation.com/vulcan/ap/rnd/202605/1905/7d100a0b579cd131cc58f584931a79421ed247921fcbe21d.png;Arcade Archives 2 SPACE CYCLONE;JP0571-PPSA36206_00-HAMPRDC000000001;749;INR;Да;New;https://store.playstation.com/en-in/concept/10018690;"""SPACE CYCLONE"" is a shooting game released by TAITO in 1980.<br>Shoot down the BEMs (insect cyborgs) as they appear in the sky and invade by warping from meteor to meteor. Don't let the BEMs land! They will construct rockets to launch into the sky and blast you with their deadly Cyclone Shots!<br><br>The “Arcade Archives”series is developed with the concept of faithfully reproducing classic arcade games. It also includes convenient features such as difficulty and screen settings, rewind, rapid-fire, and multiple save slots. In addition, players can compete for the best scores with players around the world through online rankings.<br>“Arcade Archives 2” adds a new “TIME ATTACK MODE” to the lineup of “ORIGINAL MODE,” “HI SCORE MODE,” and “CARAVAN MODE” included in the Arcade Archives series. In “TIME ATTACK MODE,” players compete to clear the game as quickly as possible, regardless of the score achieved. VRR (Variable Refresh Rate) support has also been added, allowing gameplay to be reproduced even closer to the original arcade experience.<br><br>Please enjoy these iconic arcade games that defined an era with the “Arcade Archives” series!<br><br>*This product can only be played on PlayStation_5.<br>In addition to this product, there is also the PlayStation_4 software ""Arcade Archives SPACE CYCLONE"". There is no compatibility between the save data of this product and the PlayStation_4 software ""Arcade Archives SPACE CYCLONE"", nor is there compatibility with the additional content. Please be careful not to purchase duplicates or the wrong product.<br><br>*If you have purchased PlayStation_4 ""Arcade Archives SPACE CYCLONE,"" you will be able to purchase PlayStation_5 ""Arcade Archives 2 SPACE CYCLONE"" as part of a ""Game Owner Discount"".<br><br>*The options menu and manual are available in Japanese, English, French, German, Italian, and Spanish.";IARC 3+;PS5;17/6/2026;HAMSTER CORPORATION;Shooter;Japanese;English, French (France), German, Italian, Japanese, Spanish;5;;;
https://image.api.playstation.com/vulcan/ap/rnd/202605/0109/25d6f1b36f4015c3e8c0fd4bd53e081afbe82b474ef77d3d.png;Arcade Archives 2 Tatakae! Big Fighter;JP0571-PPSA32856_00-HAMPRDC000000001;749;INR;Да;New;https://store.playstation.com/en-in/concept/10016710;"""Tatakae! Big Fighter"" is a shooter released by Nichibutsu in 1989.<br>In this game, you can switch between fighter jet and robot form during battle.<br>The key to clearing a stage is to strengthen your ship with power-up items that appear along the way and change its shape to suit the situation.<br><br>The “Arcade Archives”series is developed with the concept of faithfully reproducing classic arcade games. It also includes convenient features such as difficulty and screen settings, rewind, rapid-fire, and multiple save slots. In addition, players can compete for the best scores with players around the world through online rankings.<br>“Arcade Archives 2” adds a new “TIME ATTACK MODE” to the lineup of “ORIGINAL MODE,” “HI SCORE MODE,” and “CARAVAN MODE” included in the Arcade Archives series. In “TIME ATTACK MODE,” players compete to clear the game as quickly as possible, regardless of the score achieved. VRR (Variable Refresh Rate) support has also been added, allowing gameplay to be reproduced even closer to the original arcade experience.<br><br>Please enjoy these iconic arcade games that defined an era with the “Arcade Archives” series!<br><br>*This product can only be played on PlayStation_5.<br>In addition to this product, there is also the PlayStation_4 software ""Arcade Archives Tatakae! Big Fighter "". There is no compatibility between the save data of this product and the PlayStation_4 software ""Arcade Archives Tatakae! Big Fighter "", nor is there compatibility with the additional content. Please be careful not to purchase duplicates or the wrong product.<br><br>*If you have purchased PlayStation_4 ""Arcade Archives Tatakae! Big Fighter,"" you will be able to purchase PlayStation_5 ""Arcade Archives 2 Tatakae! Big Fighter "" as part of a ""Game Owner Discount"".<br><br>*This game uses the Japanese ROM for the main part of the game. <br>The options menu and manual are available in Japanese, English, French, German, Italian, and Spanish.";IARC 3+;PS5;27/5/2026;HAMSTER CORPORATION;Shooter;;English, French (France), German, Italian, Japanese, Spanish;4.69;;;
https://image.api.playstation.com/vulcan/ap/rnd/202604/3005/6b546a6e7012d409b3ec557845375dd55e870473aecb99f9.png;Arcade Archives ACE DRIVER;JP0571-CUSA54896_00-HAMPRDC000000001;1248;INR;Да;New;https://store.playstation.com/en-in/concept/10015388;"""ACE DRIVER"" is a racing game released by NAMCO LIMITED (current Bandai Namco Entertainment Inc.) in 1994.<br>Experience the essence of racing with breathtaking race tracks and authentic handling.<br>Choose a class based on your player level and charge through the game! Who is the true ACE DRIVER!?<br><br>The ""Arcade Archives"" series has faithfully reproduced many classic Arcade masterpieces.<br>Players can change various game settings such as game difficulty, and also reproduce the atmosphere of arcade display settings at that time. Players can also compete against each other from all over the world with their high scores.<br>Please enjoy the masterpieces that built a generation for video games.<br><br>*This product is for PlayStation_4. It can also be played on PlayStation_5, but there is also ""Arcade Archives 2 ACE DRIVER"" which can only be played on PlayStation_5. There is no compatibility between this product and PlayStation_5 Arcade Archives 2 ACE DRIVER's save data or additional content. Please be careful not to purchase duplicates or mistakes.<br>*Customers who purchase this game will receive an owner discount, allowing them to purchase the PlayStation_5 software ""Arcade Archives 2 ACE DRIVER"" at a lower price.<br><br>*The options menu and manual are available in Japanese, English, French, German, Italian, and Spanish.";IARC 3+;PS4;27/5/2026;HAMSTER CORPORATION;Driving/Racing;English;English, French (France), German, Italian, Japanese, Spanish;4.9;;;
https://image.api.playstation.com/vulcan/ap/rnd/202605/1812/d18c67e1b92d40d307dfda74353b0915af23793f4b65b8be.png;Artifact NOVA;UB0569-CUSA59548_00-ARTIFACTNOVAPS4A;332;INR;Да;New;https://store.playstation.com/en-in/concept/10019811;A couple of years ago, NOVA Corporation discovered a mysterious artifact at the bottom of a [CLASSIFIED] depression, the origin of which is unknown, but presumably it was created by an ancient race. For some reason, the artifact could not be lifted onto land, so we had to deploy the base around the artifact. At the moment, the last report, which promised that the next report would reveal all the secrets of this artifact, was sent 2 months ago, and the station stopped communicating, but at the same time it shows signs of functioning.<br><br>A supply and verification team under your leadership, Commander [CLASSIFIED], will be sent to them so that you can establish the security factor and what happened to the base and the group of scientists. For further instructions, please contact us at the base via the communication console...;IARC 3+;PS4;17/6/2026;ASI GAMES TECHNOLOGIES LTD;Action, Horror, Adventure;;English;0;;;
https://image.api.playstation.com/vulcan/ap/rnd/202506/1021/6c064a26801037617af73708bff406e915103bdb03bbeeeb.png;Backrooms: Escape Together;UB1588-PPSA29906_00-0549164535498989;1248;INR;Да;New;https://store.playstation.com/en-in/concept/10015041;Backrooms: Escape Together is a co-op survival horror game featuring lifelike graphics, proximity voice chat and horrifying entities. You and up to 5 friends must make your way through 11 fully procedurally generated levels using what's available to you to progress deeper into the Backrooms.<br><br>Every level is a mini-adventure of its own, hosting unique gameplay, puzzles, lootable items, environments, and entities. Levels will be added constantly throughout early access as we grow the game into the best multiplayer experience to date.<br><br>PROCEDURAL GENERATION<br>Everything is re-generated on the fly after every level attempt. No two rooms, hallways, or encounters are the same offering unparalleled replay-ability. Each level's procedural generation algorithm is meticulously designed to capture the essence of the Backrooms.<br><br>HORRIFYING IMMERSION<br>Made in Unreal Engine 5, Backrooms: Escape Together's lifelike visuals and spatialized audio work to remove every possible immersion barrier between you and the game. You will feel as if you truly are a lost wander, stuck in the Backrooms.<br><br>6 PLAYER CO-OP<br><br>- Enter the Backrooms alone or team up with 5 others for a total of 6-player co-op.<br><br>- Enjoy hilarious tension relieving moments as you watch your friends die from the horrors you encounter<br><br>- Dynamic proximity voice chat adapts to walls, rooms, and new environments on the fly<br><br>- Host private lobbies for your friends only or join a public lobby for an adventure with a stranger<br><br>TRUE TO THE LORE<br>Every entity, level, exit, and design decision has been based on the online lore of the Backrooms. We take lore accuracy seriously.<br><br>As a team of researchers, you are tasked to explore the liminal labyrinth. However, after completing your research duties, an elevator malfunction leaves you with only 2 objectives, survival and escape.;IARC 16+;PS5;18/6/2026;TRIIODIDE STUDIOS LLC;Horror, Adventure, Action;;Chinese (Simplified), Chinese (Traditional), English, French (France), German, Italian, Japanese, Korean, Portuguese (Brazil), Russian, Spanish;4.27;;;
https://image.api.playstation.com/vulcan/ap/rnd/202604/0805/842605191af1a250aebf435ab54a3e0fda5ff6f40ee66b8d.png;Beholder: Conductor;EP4173-PPSA36965_00-0227053181028660;1331;INR;Да;New;https://store.playstation.com/en-in/concept/10019096;Welcome aboard the Determination Bringer!<br> <br>You have been appointed senior conductor of the legendary train, which all the citizens of our vast country are happy to see in their cities. Your responsibilities are maintaining order in the carriage assigned to you and providing assistance to passengers along the way. Your tools are reporting, intimidation, searches and ejection. Remember: the conductor is always right.<br><br>Monitor the passengers<br>Carefully monitor everyone who enters the carriage and decide what to do with fare-evaders. Observe and report all suspicious, unauthorized and basically any passenger activity. Search the baggage and call the police if you find prohibited items.<br><br>Move up the train<br>Get access to the dining car or VIP compartments and carriages where high-ranking officials and big industrialists ride. Keep an eye on your colleagues and report their accepting bribes or transporting banned goods. The Ministry will not let your dedication go unnoticed.<br><br>Complete secret missions<br>Earn the trust of higher-ups in order to receive special assignments. Their level of secrecy will depend on your loyalty, and completion will be rewarded with a bonus or even a promotion. You will also encounter smugglers — transporting their packages along the route is risky, but profitable.<br> <br>Visit various stations and remote corners of the country. Make difficult decisions determining the fate of passengers and your colleagues. What kind of person will you be at the end of the journey? The choice is yours!;IARC 16+;PS5;3/6/2026;Alawar Entertainment, Inc.;Simulation, Adventure;English, Russian;Chinese (Simplified), Chinese (Traditional), English, French (France), German, Japanese, Korean, Polish, Portuguese (Brazil), Russian, Spanish, Turkish;4.7;;;
https://image.api.playstation.com/vulcan/ap/rnd/202605/2110/b830922f7ee0fd886a05c7efb4f60d8c616f38d8af2f674e.png;Beholgar 2;EP6718-PPSA36919_00-0915775694613197;1498;INR;Да;New;https://store.playstation.com/en-in/concept/10019076;The ancient evil has awakened, and the fate of the world hangs by a thread.<br>Even Beholgar, the legendary warrior, knows that this enemy cannot be defeated by ordinary steel.<br><br>There is only one weapon capable of slaying the darkness… but the blacksmith who forged it died centuries ago.<br><br>To reclaim this cursed blade, Beholgar must descend into the depths of Hell itself, facing demonic horrors, ancient dragons, jinns, and corrupted creatures born from nightmare.<br><br>Return once again to the brutal world of Beholgar in a dark Metroidvania adventure that blends medieval fantasy with the mysticism of the Arabian Nights.<br><br>Explore forgotten kingdoms, uncover hidden secrets, forge your own combat style, and fight against the inevitable doom threatening all existence.<br><br>Features<br>•Brutal retro-inspired Metroidvania gameplay<br>•A dark fantasy world inspired by the tales of 1001 Nights<br>•Multiple interconnected areas filled with secrets and deadly enemies<br>•Fight dragons, jinns, demons, and possessed warriors<br>•5 unique weapons with completely different playstyles<br>•Secondary ranged weapons for strategic combat<br>•Equip powerful rings that enhance your abilities and inflict devastating effects<br>•Epic original soundtrack;IARC 7+;PS5;11/6/2026;Dolores Entertainment S.L.;Adventure, Action;;Chinese (Simplified), English, French (France), German, Italian, Japanese, Polish, Portuguese (Portugal), Russian, Spanish, Turkish;3.89;;;1498
https://image.api.playstation.com/vulcan/ap/rnd/202604/2018/54013677ec30f72dd5762e2386ff11a0d411bcfa5fc5c334.png;Bellwright;UP0781-PPSA36585_00-0855472689709905;2415;INR;Да;New;https://store.playstation.com/en-in/concept/10018858;Framed for the murder of the Prince and sentenced to death by the Crown, you've been living in the shadows ever since. After barely dodging an attempt on your life, you find the assassin's contract that raises many questions - was it just misfortune that you were framed? Or is there more to it? Determined to find the answers, you journey back to the very place you escaped. <br><br>Slowly but surely, you will lead a rebellion against your homeland's oppressive Sovereign to victory, uncovering the truth of your family's secret along the way. The bells shall ring for freedom once again! <br><br>Establish and expand your own settlements, liberate the land and assist its villagers, and recruit others to your cause while learning more about a life you had to leave behind. Your recruits will help you build up the resources and might needed for a stand against the Crown. Command your forces, prove your valor through combat, and cement yourself as the hero of your people.<br><br>Key Features:<br><br>Survive and Explore - Gather, hunt, build and craft! Collect and manage resources in a harsh world to survive, and journey through the land for its secrets and adventures! The Crown and its Royal Army is not the only foe in the kingdom…<br><br>Conquer and Expand - Work your way up from a small camp to becoming the leader of a great rebellion. Improve your relations with the settlements, grow your armies, and liberate regions from the Crown to strengthen your cause. Gain followers with unique knowledge along the way and find new resources to further the technologies of your towns.<br><br>Resource and Town Management - As you free the villages from the oppressive influence of the Crown, build, manage, and upgrade your own outposts and towns with the help of your recruits. Organize your workers and train the strongest soldiers in the kingdom to grow the rebellion.<br><br>Skill-Based Directional Combat - Choose your equipment from a variety of medieval weapons and armor. From swords and axes to heavy mauls and polearms, and bows, choose your unique style of fighting and hone your skill in directional combat.<br><br>Army Command - Lead your armies into battle, commanding your squads and formations, and employ cunning tactics to your advantage. Equip and train your troops the way you want it, and control them on the battlefield to prove your skill and might. <br><br>Deep Progression - Improve your own skills in combat and survival, train your soldiers and see your workers become master craftsmen. Each new recruit will bring unique knowledge to the table, from crafting better arrows to building advanced structures in your town, so choose wisely. Opportunities for growth are endless!<br><br>Story and Roleplay - As you expand your armies and influence across the land, unravel your family secrets and learn the truth behind the terrible death of the Prince you were accused of murdering. The mysteries of the kingdom await…;IARC 16+;PS5;9/6/2026;Snail Games USA, Inc.;Role Playing Games;English;Arabic, Chinese (Simplified), Chinese (Traditional), English, French (France), German, Italian, Japanese, Korean, Polish, Portuguese (Brazil), Portuguese (Portugal), Romanian, Russian, Spanish, Turkish, Ukrainian;3.72;;;2415
https://image.api.playstation.com/vulcan/ap/rnd/202605/0614/a64b7bff774915551c115c59b083d46b2a46c22c0cf7d076.png;Bench Simulator;UB0111-PPSA37871_00-0922260373579833;415;INR;Да;New;https://store.playstation.com/en-in/concept/10019642;Bench Simulator is a narrative simulation game where you experience the world from the perspective of a park bench.<br><br>Across several in-game days, different people come to the park, sit on the bench, and leave behind pieces of their lives. Couples, strangers, lonely night visitors, suspicious characters, families, and emotionally troubled people all pass through the same quiet place. You cannot walk, speak, or directly control them — but your small reactions can influence what happens.<br><br>As the bench, you observe conversations, read emotional situations, and react through subtle interactions such as shaking, shifting, creaking, or staying completely still. A small movement at the right time may interrupt an argument, create an awkward silence, comfort someone, or change the direction of a conversation.<br><br>Bench Simulator is not about action or combat. It is about presence, memory, timing, and the quiet impact of being there.<br><br>Every visitor brings a different story. Some moments are funny, some are romantic, some are uncomfortable, and some are emotionally heavy. As days pass, certain characters may return, previous choices may matter, and the bench slowly becomes a silent witness to the changing lives around it.<br><br>Key Features<br><br>- Play as a park bench in a unique narrative simulation experience<br>- Observe and influence conversations through subtle physical reactions<br>- Meet different visitors across multiple in-game days<br>- Experience emotional, funny, romantic, mysterious, and melancholic stories<br>- Make small choices that can affect character relationships and outcomes<br>- Discover recurring character arcs and different story consequences<br>- Experience day, evening, and night encounters with changing atmosphere<br>- Minimal, story-focused gameplay built around dialogue and observation<br>- Multiple outcome variations based on how you react during key moments<br><br>You are not the hero.<br>You are not the villain.<br>You are the bench.<br><br>You cannot speak.<br>You cannot leave.<br>But you can remember.;IARC 7+;PS5;28/5/2026;Kanuni games oyun YAZILIM VE Pazarlama Ticaret limited Sirketi;Simulator;;Chinese (Simplified), English, French (France), German, Italian, Japanese, Korean, Russian, Spanish, Turkish;1;;;
https://image.api.playstation.com/vulcan/ap/rnd/202604/2712/ec50d0520fbc438b4a0b9b07b4f51672b67dd44587c95e47.png;Bestial Reception;UB0851-PPSA37634_00-BESTIALRECEPTION;582;INR;Да;New;https://store.playstation.com/en-in/concept/10019496;"A roguelike shooter in a bizarre radioactive world full of humanoid animals. In a radioactive wastelands and mutated biomes, animals are fighting for their existence and you are one of them!<br>Choose a hero and make your way through the hordes of enemies. Collect various artifacts, explore secrets and defeat bosses. Destroy all enemies and get to the top of food chain! (alone or with your friend!)";IARC 12+;PS5;27/5/2026;Brainium Games LLC;Shooter;;English, Russian;3.6;;;
https://image.api.playstation.com/vulcan/ap/rnd/202605/1914/c408bd64c34c1db066befa9e86c8f2ac3d6629f0da834427.png;BlackJack Math;EB1103-PPSA38163_00-0708709394190813;415;INR;Да;New;https://store.playstation.com/en-in/concept/10019803;Welcome to BlackJack Math!<br>Tease your brain in this number logic game where all answers are 21 (because we're talking about blackjack, right?)<br>Swap the cards, make the math, repeat. That's all you'll need in order to complete this game!<br><br>Key features<br>— Handcrafted Levels<br>The game comes with 50 handcrafted levels that will tease your brain.<br>— Simple controls<br>The game is played simply by swapping the cards in order to change the math result to be 21.<br>— Relaxing music<br>Originally composed music to help you focus and relax while solving the puzzles.;IARC 3+;PS4, PS5;15/6/2026;y-zo studio;Family, Casual, Puzzle;;English;4.69;;;
https://image.api.playstation.com/vulcan/ap/rnd/202604/2319/59bf738f4604fda4db24261e4f9325292c7ce6ad275906f5.png;Blackwood House;UB1022-PPSA37071_00-BLACKWOODHOUSEEU;291;INR;Да;New;https://store.playstation.com/en-in/concept/10019150;Step into Blackwood House, a haunting text-driven horror mystery where every command pulls you deeper into a cursed family’s buried past. Explore shadowed halls, uncover hidden memories, solve eerie puzzles, and confront the lingering presence of those who never truly left. With atmospheric storytelling, multiple endings, and secrets waiting for the most curious players, Blackwood House turns every word into a step toward terror—or the truth.;IARC 3+;PS4, PS5;3/6/2026;GGMUKS INC.;Adventure;;English;3.25;;;
https://image.api.playstation.com/vulcan/ap/rnd/202604/2011/8b381e5404e39448533172287d60da1ee1de8f74e6932ec9.png;Blueberry;EP3540-PPSA35624_00-BLUEBERRY0000PS5;1040;INR;Да;New;https://store.playstation.com/en-in/concept/10018352;"Play as Blueberry and live through key memories from childhood to old age, piecing together fragments of her past in a deeply emotional story about trauma, resilience, and forgiveness.<br>Climb the Tower of Life. Go on a journey from childhood to twilight years.<br><br>MAKE MEANINGFUL DECISIONS<br>Guide Blueberry’s journey by making choices that shape her emotional growth. Help her find peace by managing her “blues” and making decisions that support her healing. Each choice impacts her story, leading to different outcomes in her story.<br><br>KEY FEATURES<br>Climb the Tower of Life: Journey through Blueberry’s life stages in an interactive platformer that combines exploration, mystery-solving, and memory reconstruction.<br><br>Choices Matter: Face moments of choice that impact Blueberry’s emotional journey, leading to multiple endings based on how you choose to guide her through her past.<br><br>Pivotal Life Moments: Steal cookies and cause kitchen chaos as a child, engage in spirited word battles with your mom as a teenager, and embrace the joys and challenges of motherhood as an adult.<br><br>Emotional and Philosophical Depth: Experience a moving story that explores themes of trauma, motherhood, forgiveness, and the impact of memory on identity.<br><br>Surreal Art and Atmosphere: A colorful yet introspective world that shifts with Blueberry’s emotions and memories, creating a visual journey that mirrors her mental landscape.""";IARC 16+;PS5;28/5/2026;Hidden Trap;Puzzle, Adventure;;English, German;4.4;;;
https://image.api.playstation.com/vulcan/ap/rnd/202603/0621/3924b0ee96ec0ae1bd3a3a708a0e03c981e34c1434d39c58.png;Bluey's Quest for the Gold Pen;UP2011-PPSA35381_00-0565406793439341;2499;INR;Да;New;https://store.playstation.com/en-in/concept/10018059;Explore Bluey’s World of Play!<br><br>Join everyone's favorite blue heeler with a new story by the show's creator in Bluey's Quest for The Gold Pen.<br><br>When Dad snatches the Gold Pen Bluey needs to finish her drawing, Bluey and her family are swept into a world of fun and adventure. Explore charming, hand-drawn worlds, uncover hidden treasures, and solve playful puzzles as you help bring the Gold Pen home.<br><br>Written by Joe Brumm, this original story features fully-animated cutscenes and exploration-focused gameplay, designed to be enjoyed by fans of all ages.<br><br>Key Features:<br><br>An Original Bluey Story. Written by Bluey creator, Joe Brumm, this adventure captures the warmth, humor, and heart of the beloved series.<br><br>A World Drawn from Play. Explore nine charming, hand-drawn worlds — from golden beaches and snowy mountains to the iconic Australian Outback and beyond.<br><br>Wild Rides & Playful Exploration. Travel by boat, bike, jetpack, and glider on a fun-filled quest.<br><br>Fun Challenges & Playful Puzzles. Help Bluey and Bingoose outwit pesky cane toads, sleepy council workers, and naughty bin chickens by finding clues, solving puzzles, and uncovering hidden treasures.<br><br>Fully-Animated Story Moments. Expressive cutscenes bring Bluey’s world and adventures to life. <br><br>An Experience for the Whole Family. Easy-to-learn controls make this adventure fun to watch, share, and take turns playing.;IARC 3+;PS5;28/5/2026;PM Studios;Adventure;English;Chinese (Simplified), Chinese (Traditional), English, French (France), German, Italian, Japanese, Korean, Portuguese (Brazil), Portuguese (Portugal), Russian, Spanish, Spanish (Mexico);2.58;;;
https://image.api.playstation.com/vulcan/ap/rnd/202602/2517/a76324ed67e8d836843c240708ff4344d532cfbf115958d0.png;BrokenLore: FOLLOW;UP8251-PPSA34497_00-0858799687348498;1132;INR;Да;New;https://store.playstation.com/en-in/concept/10017654;BrokenLore: FOLLOW is a psychological first-person horror experience and part of the BrokenLore saga, exploring the dark side of social media and the fragility of the human mind.<br><br>Step into the story of Anne, a young woman haunted by her painful past and the inner demons that relentlessly pursue her. Throughout her journey, players confront themes of self-acceptance, eating disorders, body dysmorphia, and feelings of worthlessness.<br><br>At the heart of the narrative lies the complex and troubled relationship between Anne and her mother, whose extravagant and overpowering personality casts a suffocating shadow over her daughter’s life.<br><br>Blending atmospheric exploration, environmental storytelling, and tension-driven encounters, FOLLOW delivers a disturbing and emotionally intense horror experience.;IARC 16+;PS5;31/5/2026;Serafini Productions GK;Horror;English;Chinese (Simplified), Chinese (Traditional), English, French (France), German, Italian, Japanese, Korean, Polish, Portuguese (Portugal), Russian, Spanish, Turkish, Ukrainian;4.5;;;1415
https://image.api.playstation.com/vulcan/ap/rnd/202606/0319/ab6cc0bb399c88728868a434738b1f84110be0d918329e5c.png;Card Party Showdown;UB2202-PPSA38347_00-0573517254475629;432;INR;Да;New;https://store.playstation.com/en-in/concept/10019913;Gather your family and friends for a lively card game party packed with fast reactions, lucky draws and playful rivalries.<br><br>Card Party Showdown brings together three distinct games, each with simple rules and a different kind of tension:<br><br>- Card War: Reveal your cards, survive dramatic ties and win the deck in a classic battle of luck.<br>- The Pile: Stay alert, slap the table at the right moment and avoid being the last player to react.<br>- All or Nothing: Keep drawing to build your score, or stop before a repeated card or Joker wipes out your points for the round.<br><br>Play solo against computer-controlled opponents or share the couch with up to four local players. With colorful hand-drawn artwork, accessible controls and quick-to-learn rules, Card Party Showdown is made for relaxed family sessions, friendly competition and rematches that are always easy to start.;IARC 3+;PS5;16/6/2026;ADRIANO FERREIRA PESSOA DESENVOLVIMENTO DE SISTEMAS LTDA;Party;;Chinese (Simplified), Chinese (Traditional), English, French (France), German, Italian, Japanese, Korean, Portuguese (Brazil), Russian, Spanish;3;;;
https://image.api.playstation.com/vulcan/ap/rnd/202605/2818/780a9d7a81cbcc3f5fed499bd556a651262e84ac0220ae69.png;Carpathian Night Starring Bela Lugosi;HP7240-CUSA56520_00-0890280690644960;1206;INR;Да;New;https://store.playstation.com/en-in/concept/10016722;Bela Lugosi returns as Prince Dracula in this classicvania horror platformer! Battle your way through the monster plagued countryside, evade deadly traps and pitfalls, overcome Dracula’s commanders in single combat, and discover the secret history of your monstrous foes. The night awaits you!<br><br>Transylvania - 1451. The plague of Dracula's army continues to spread across the Carpathians, growing stronger with each victim it claims. Those who attempt to resist are met with a fate worse than death. If Dracula is not stopped, he will bring everlasting night to the world.<br><br>Only two champions have answered the call to bring divine justice to Dracula and his minions. Abbot Dorin, warrior monk and leader of the Kelemen Monastery, and Irina Dracul, vampire, pyromancer, and ancestor of Prince Dracula, have joined together to drive back the Army of the Dead and hunt down the legendary vampire himself. Zombies, vampires, werewolves, ghosts, and demonic beings of every kind await all who dare trespass into their master's domain! Those who survive the horrors of the Borgo Pass will reach the gates of the ancient Castle Dracula, where the real nightmare begins!<br><br>Carpathian Night is a tribute to retro horror side-scrollers and the classic monster films that inspired them. Battle your way through legions of iconic monsters, avoid deadly traps, uncover the secret history of your monstrous foes, and face the legendary Lord of the Vampires within his own ancestral home! Answer the call, mighty hunter, and drive the wickedness back from whence it came!<br><br>In partnership with Lugosi Enterprises, Tezcatek is honored to bring Bela Lugosi into the video game realm for the first time in an officially licensed release, in a style of game that has long been associated with the horror classics.;IARC 7+;PS4;8/6/2026;Tezcatek, LLC;Action;;English;4.61;;;
https://image.api.playstation.com/vulcan/ap/rnd/202602/2519/1ca341c2f911191bef1e9b1e3cd38041369c6d87713b4f30.png;Case Files: Internal Affairs;UP5429-PPSA34827_00-0535205670513731;915;INR;Да;New;https://store.playstation.com/en-in/concept/10017844;Two police officers take their own lives within 24 hours of each other. Is foul play involved? It's up to you to uncover the truth. Can you crack the case in this 3rd installment of the Case Files series?<br><br>• Observe suspects.<br><br>• Sort through evidence to discern truth from lies.<br><br>• Find contradictions in suspect interviews.<br><br>• Guide your partner in the interview room.<br><br>• Make key decisions that will alter the outcome of the case.<br><br>• Replay to unlock multiple endings and alternate interview clips.;IARC 16+;PS4, PS5;17/6/2026;THINK TEN MEDIA GROUP LLC;Unique, Simulation, Adventure;English;English;4.67;;;
https://image.api.playstation.com/vulcan/ap/rnd/202605/0811/51bef98b72185630adc9315a3e182ff5f419857b61d135cd.png;Cash Movers;UB0008-PPSA37988_00-0753193626235092;249;INR;Да;New;https://store.playstation.com/en-in/concept/10019712;Cash Movers is a 2D cooperative puzzle-platformer about two unlikely partners trying to escape a heavily guarded prison while collecting as much cash as possible along the way.<br>Players control two different burglars, each with their own role, size, and strengths. The smaller character is fast, agile, and perfect for reaching tight spaces, climbing, activating switches, and sneaking through dangerous areas. The larger character is slower but stronger, able to push heavy crates, carry objects, throw items, and help solve puzzles that the smaller character cannot complete alone.<br><br>Every level is built around cooperation, timing, and clever use of the environment. Players must move through prison corridors, security rooms, industrial platforms, locked passages, traps, lasers, moving platforms, pressure buttons, sliding doors, safes, cameras, guards, and other hazards. Progress often requires using both characters together: one may need to stand on a button while the other passes through a door, push a crate into position, avoid a patrol, disable a mechanism, or create a path forward.<br><br>Expect short but carefully designed levels with increasing complexity. Early stages introduce basic movement, buttons, doors, crates, and simple platforming. Later levels add more advanced mechanics such as moving platforms, animated traps, security cameras, laser barriers, locked safes, enemy guards, timing-based obstacles, and multi-step puzzles where both characters must work together.<br><br>Key features:<br>• Cooperative puzzle-platform gameplay<br>• Two playable characters with different abilities<br>• Levels built around teamwork and timing<br>• Pushable crates, pressure buttons, sliding doors, traps, lasers, cameras, safes, and guards<br>• Levels that become more complex as new mechanics are introduced<br>• Designed for quick, satisfying puzzle-solving sessions;IARC 3+;PS5;12/6/2026;Gametry sp. z o. o.;Action;;English;2.6;;;
https://image.api.playstation.com/vulcan/ap/rnd/202605/2614/7e0f6c9596123642924842400e439afc5c89fb984fb83e4a.png;Chico's Delivery;EP8701-PPSA38182_00-0317410820693947;415;INR;Да;New;https://store.playstation.com/en-in/concept/10019814;"Get ready for a delicious, fun, and fast-thinking adventure in a world where every delivery needs to be perfect. In Chico’s Delivery, you control an adorable pizza-delivery bird that slides endlessly across the environment, turning every stage into a clever and irresistibly addictive puzzle.<br><br>But reaching the destination is only part of the challenge. Every table has a counter that decreases with each movement you make, creating a strategic race against time and against your own mistakes. Carefully plan your route, choose the perfect path, and figure out how to serve every table before the orders expire.<br><br>The biggest twist comes from the way Chico moves. Once he starts sliding, he only stops when he collides with a wall, obstacle, or environmental object. This turns every movement into an important decision where predicting trajectories and thinking several steps ahead becomes essential for success.<br><br>As the journey continues, new mechanics make the puzzles even more creative. Use pizza teleporters, deal with rising tables, take advantage of directional arrows, and learn how to manipulate the environment to create perfect deliveries. Every level introduces a fresh situation that demands observation, logic, and strategy.<br><br>With cute visuals, a cozy atmosphere, and clever challenges, Chico’s Delivery offers the kind of relaxing and satisfying experience that makes you want to play “just one more level.” It is the perfect balance between accessible puzzles and increasingly strategic decisions.<br><br>Perfect for fans of logic games, casual challenges, and adventures full of personality, Chico’s Delivery transforms simple pizza deliveries into a fun, charming, and surprisingly strategic journey.<br><br>Observe the stage, slide through the perfect route, and make sure no pizza arrives late.";IARC 3+;PS4, PS5;10/6/2026;Afil Games;Puzzle, Casual;;English, Portuguese (Brazil);4.75;;;
https://image.api.playstation.com/vulcan/ap/rnd/202605/1514/6407ba79fa7ce72aa4ae5f6c9e1deac7562a1a91125c7f24.png;CleanSheet Football 2;UB0532-PPSA37489_00-0330907084923644;2497;INR;Да;New;https://store.playstation.com/en-in/concept/10018883;From the creators of CleanSheet Soccer, CleanSheet 2 delivers the definitive VR goalkeeping experience on PlayStation®VR2. Step between the posts with faster gameplay, advanced training systems, and authentic match situations designed to test your reactions, positioning, and composure under pressure.<br><br>MATCH PLAY<br>Face realistic, motion-captured match situations inspired by professional football — from in-swinging corners and curling free kicks to dangerous 2-on-1 breakaways and high-pressure penalties. Every save feels intense, physical, and rewarding as you react in real time to match-winning moments.<br><br>DRILLS<br>Sharpen your reflexes, handling, and decision-making across a variety of high-intensity goalkeeper drills and training modes. Stop rapid-fire deflections in Matrix Reflex, improve hand speed in Lightning Hands, and push your reactions to the limit with challenges designed to develop real goalkeeping skills.<br><br>SHOT CREATOR<br>Create and customise your own training scenarios with Shot Creator. Build unique shot combinations, adjust pace and difficulty, and design personalised drills tailored to your training style and skill level.<br><br>COMPETE FOR THE TOP SPOT<br>Climb the global leaderboards, beat your personal bests, and prove yourself against goalkeepers around the world. Track your performance, smash your goals, and chase the perfect clean sheet.<br><br>BUILD YOUR GOALKEEPING CAREER<br>Choose your path and represent one of three clubs — Stanton United, Forgehill Rovers, or Waveport City — each with its own identity, stadium, and journey to the top. Rise through competitive challenges, unlock new goalkeeper gear and stadium upgrades, earn trophies, and build your reputation as you progress from promising prospect to world-class shot stopper.;IARC 3+;PS5;11/6/2026;INCISIV Ltd;Sport, Fitness;English;Arabic, Chinese (Simplified), English, French (France), German, Italian, Japanese, Korean, Portuguese (Portugal), Spanish;4.56;;;
https://image.api.playstation.com/vulcan/ap/rnd/202605/2814/8416a4dd3e8904d975bca9fe1dbad78b79791266550b7cbc.png;Cloud Golf;UB0008-PPSA37426_00-0053347898357456;166;INR;Да;New;https://store.playstation.com/en-in/concept/10019360;Cloud Golf is a relaxing and visually charming mini golf game that takes players on a journey high above the clouds. Set in a bright pastel sky world, the game features floating courses, smooth curves, creative layouts, and satisfying shots designed to feel both calming and fun. Each level offers a mix of simple controls, clever course design, and light challenge, making the game easy to enjoy for casual players while still rewarding precision and skill. With its cheerful atmosphere, soft visuals, and accessible gameplay, Cloud Golf delivers a lighthearted mini golf experience that feels fresh, peaceful, and fun for players of all ages.;IARC 3+;PS5;5/6/2026;Gametry sp. z o. o.;Sport;;English;2.8;;;
https://image.api.playstation.com/vulcan/ap/rnd/202605/2215/ce700b6e1518457c172de40d8418040f51079bf80268b41f.png;Damways;EP8701-PPSA37958_00-0986953928823699;290;INR;Да;New;https://store.playstation.com/en-in/concept/10019695;"Get ready for a clever, relaxing, and strategy-filled adventure across a lake where every move matters. In Damways, you control a resourceful beaver that slides endlessly across the water, reshaping the environment with dams and creating unlikely paths toward home.<br><br>But nothing here is as simple as it seems. The beaver does not move step by step. Once it starts sliding, it only stops when it hits an obstacle, a wall, wood, or one of your own dams. This turns every direction into an important decision where predicting the trajectory matters just as much as choosing the destination.<br><br>Collect bundles of wood scattered around the lake and use them to build strategic dams capable of completely reshaping the map. Create new barriers, redirect routes, open impossible paths, and transform the environment piece by piece until the perfect solution appears.<br><br>Every piece of wood is precious. You can carry only one at a time, so deciding when to collect, where to build, and how to reorganize the lake makes all the difference. A badly placed dam can block your entire route… but with Undo and Restart features, there is always room to experiment with new ideas.<br><br>As the journey continues, the challenges become increasingly creative, bringing more complex maps, clever obstacles, and puzzles that demand observation, planning, and spatial reasoning. The result is a relaxing yet deeply satisfying experience for players who love well-crafted puzzles.<br><br>With cozy visuals, a peaceful atmosphere, and that wonderful feeling of finally understanding the solution, Damways transforms every lake into a strategic playground full of possibilities.<br><br>Observe the environment, slide through the water, and build the perfect path toward the den.";IARC 3+;PS4, PS5;2/6/2026;Afil Games;Casual, Puzzle;;English, Portuguese (Brazil);4.59;;;415
https://image.api.playstation.com/vulcan/ap/rnd/202605/2810/97276f5379cb6c129be509648fc08236fc7b6a7ea47a8334.png;Demon Castle Story;JP5361-CUSA57354_00-KAIRO00000191000;1082;INR;Да;New;https://store.playstation.com/en-in/concept/10017479;A management simulation in which you take an old, run-down castle and turn it into a dastardly demon stronghold! Recruit unique monsters as your minions and vanquish adventurers who dare to enter your realm!<br><br>Install gargoyles, ritual altars, and other devilish decor to boost your castle's mystique and attract more monsters your way. Gift them food and other items to help them grow, and garner their support to fend off pesky adventurers.<br><br>You can also send your monster minions out to explore nearby dungeons and towns. They'll bring you back items and other loot, and maybe even some new allies!<br><br>As you progress, you can also start merging monsters together to make new ones.<br><br>And don't forget traps—essential equipment for proper castle defense! Develop a range of traps like sleep-inducing gas and heavy washbowls to thwart any who cross the threshold of your demonic haven! By placing and combining traps in imaginative ways, you can make your fortress of fiendishness virtually impregnable!<br><br>Fend off attacks from mighty adventurers and keep your minions sweet to become the biggest and baddest demon overlord of all time!;IARC 7+;PS4;10/6/2026;KAIROSOFT CO.,LTD;Role Playing Games, Strategy, Simulation;;Chinese (Simplified), Chinese (Traditional), English, Japanese, Korean;4.78;;;
https://image.api.playstation.com/vulcan/ap/rnd/202605/1114/b2efbe6390f3b6a026c327bec6396ac7c9f64229bb07c115.png;Diamond Painting ASMR;EP2696-CUSA58743_00-2000000000000000;0;RUB;Да;New;https://store.playstation.com/en-in/concept/10018901;Relax as you follow the numbers and paint at your own pace!<br><br>Dive into unique canvases full of unicorns, hearts, cakes, and other stunning images. Enjoy the satisfying 'click' as each diamond snaps into place, bringing vibrant colors to life!<br><br>Bring a dinosaur back from the past or draw a diamond castle in 3D - whatever you imagine, you can paint it... with diamonds!<br><br>Features: <br>- Color by numbers over 900 pictures!<br>- Create beautiful 3D paintings<br>- Choose from different canvas sizes<br>- Make awesome diamond art<br>- Listen to relaxing ASMR<br><br>Watch your masterpiece sparkle with each diamond you place!;IARC 3+;PS4;28/5/2026;QUBICGAMES SP. Z O.O.;Casual, Simulator, Family;;English;3.27;;;
https://image.api.playstation.com/vulcan/ap/rnd/202502/1410/a858cd52cb93b995275044c203cd377d4d79d05c8cbe9e4d.png;Do You even Forklift?;EP6880-PPSA28789_00-0802199734259303;598;INR;Да;New;https://store.playstation.com/en-in/concept/10014377;Silly physics-based forklift game inspired by Ghibli and Japaniese car culture! Use your foklift skills in logic puzzles with many unexpected outcomes!<br>About This Game<br>When all you have is a Forklift, everything looks like palete.<br>Take a flight to Ghibli stylized JAPAN!<br>Let your forklift loose on a peacefull prefecture.<br>- Travel through whole island and solve more than 30 puzzles to learn your story.<br>- Some truck takes your parking place? No problem, you can forklift them!<br>- Place Kei Cars on the right parking spots,<br>- They can have alarms,<br>- And might be Wired,<br>- Be smart about parking gates,<br>- Use illegal moves when no one sees,<br>- But sometimes you can Help others.<br>Maybe they will show you how to cook Ramen? Of course using a forklift!<br>Featuring:<br>- An elegant forklift straight from Japan (that's you)<br>- A lot of kei cars to stick on the fork,<br>- A dedicated beep button (!!!);IARC 3+;PS5;27/5/2026;Take IT Studio! Sp. z o.o.;Arcade;English;Chinese (Simplified), Chinese (Traditional), English, French (France), German, Italian, Japanese, Korean, Polish, Portuguese (Brazil), Portuguese (Portugal), Russian, Spanish, Turkish;4.29;;;665
https://image.api.playstation.com/vulcan/ap/rnd/202605/1306/6ee6a41d99b0f35f95fe441fab41607e4312e37d8abc9e8b.png;Dragon Loop;UB0675-PPSA35471_00-0821068578334461;1248;INR;Да;New;https://store.playstation.com/en-in/concept/10018247;"Help Xi navigate a five-day time loop and figure out what happened to her memories in a vast hand-drawn world.<br><br>Together with her companion, Ouro, travel through a true metroidvania world where time changes the terrain in subtle ways. Escape the loop through exploration and battle. Change Xi’s fate and learn the truth of the Dragon Loop!<br><br>• Turn Bosses into Summonable Spirits<br><br>Defeat a wide range of interesting bosses to get exclusive summonable spirits. Destroy your foes with powerful Explosive Spirits, or summon Persistent Spirit companions to follow you around. Upgrade and evolve both types to enhance their combat power!<br><br>• Multipurpose Metroidvania Powers<br><br>Find rare Pearls to summon powerful tools that help you traverse the world. Spiky pufferfish, magnetic boxes, a vacuuming whale spirit… and more. Each has multiple uses in both combat and traversing the world, unlocking many ways to play!<br><br>• Fast-Paced Exciting Battles<br><br>Combine Xi’s strength with Ouro’s agility in fast-paced combat. Play well, manage your X-Rating, and boost your speed and combat power even further in this fast-paced combat system with no contact damage.<br><br>• Branches in Time<br><br>In Dragon Loop, time is a limited resource. Use your five days wisely and plan your routes through an easily-navigable Time Map. Explore and open up new worldlines to see how things play out differently.But don’t worry: this isn’t a roguelike; you never start from scratch.";IARC 7+;PS5;10/6/2026;HAPPY PLAYER PTE. LTD.;Role Playing Games, Adventure, Action;;Chinese (Simplified), Chinese (Traditional), English, French (France), German, Japanese, Spanish;2.68;;;
https://image.api.playstation.com/vulcan/ap/rnd/202601/0510/4aa6e69e690ddac2c0e272c1a9495db541298dc07db18826.png;Driftland: The Magic Revival;EP5987-PPSA30233_00-ULGDRIFTLAND0001;1664;INR;Да;New;https://store.playstation.com/en-in/concept/10015227;After a devastating war between ancient mages, a powerful spell is all that holds together the shattered planet of Driftland. Faced with the destruction of their entire civilization and life on the planet, the warring factions called a truce and tried to repair the damage – but it was already too late. By using all their remaining magic to cast a powerful spell, they managed to keep their world in relative balance.<br><br>Many dark ages passed, but when all seemed lost, a ray of hope emerged once more: new sources of magic appeared, and new mages were given birth to across the planet. Now, as the dormant conflicts once again surface, this rediscovered power will determine whether Driftland is restored to its former glory or wiped from the cosmos entirely.<br><br>You take on the role of a Mage Overlord with your own castle, tower, and a small realm on one of the landmasses. With your unique powers, you can explore a procedurally generated world and connect floating lands to expand your kingdom.<br><br>Gameplay focuses on setting general goals for all your units without the need to micromanage each of them. The warriors, archers, and mages under your command are able to tame and ride different kinds of flying beasts and create various aerial units.<br><br>- Procedurally generated world<br>- Resource- and magic-based economy<br>- Move and terraform scattered landmasses with magic<br>- Tame and ride dragons and other creatures<br>- Explore and fight on the same map<br>- Set goals instead of directly controlling units;IARC 12+;PS5;12/6/2026;ULTIMATE GAMES;Unique, Strategy, Simulation;English;Chinese (Simplified), English, French (France), German, Polish, Russian, Spanish;3.8;;;
https://image.api.playstation.com/vulcan/ap/rnd/202603/0619/f1622750345f726a76c31cf5fbde04f84bf8dfe08f5971c4.png;#DRIVE Rally;UP2011-PPSA31815_00-0773921487818827;1499;INR;Да;New;https://store.playstation.com/en-in/concept/10015922;"#DRIVE Rally is an arcade-inspired rally racing game set in the golden racing era of the 1990s. Grab your co-driver and burn rubber in iconic, race-winning cars across varied rally stages and terrains in some of the most recognizable rallying locations in the world—perfect for fans of retro racing games and newcomers alike.<br><br>From the sunny landscapes of Dry Crumbs, through the whispering woods of Holzberg, to the chilly wilderness of Revontuli; take a journey through a diverse world you haven’t experienced in racing games before. Each destination delivers distinctive stage design and visual flair that celebrate classic ’90s rally vibes.<br><br>Jump behind the wheel of legendary rally cars, including Das Holzwagen, The Doggo, The Bobond, and many more. Build and customize your cars from the ground up to match your driving style and rally your way. Personalize the body, paintwork, and decals, then add that cherry on top with custom decorations - create a ride that feels truly your own.<br><br>Don’t forget the co-driver! Your co-driver can be your biggest cheerleader and toughest judge. It’s a partnership that thrives on performance and emotion. Their goal is to assist your runs with helpful navigation and tips to improve your stage times - making every run feel dynamic and replayable.<br><br>Features<br>• The spirit of ’90s rally for players of all ages and generations<br><br>• Exciting driving mechanics, simple to start but demanding in depth<br><br>• Stunning rally tracks and locations inspired by the world<br><br>• Retro-inspired cars with awesome personalization and car customization options<br><br>• Compete on online leaderboards to be the best and prove your rally skills";IARC 3+;PS5;17/6/2026;PM Studios;Driving/Racing;English;Afrikaans, Basque, Bulgarian, Catalan, Chinese (Simplified), Chinese (Traditional), Croatian, Czech, Danish, Dutch, English, Finnish, French (France), German, Hindi, Hungarian, Irish, Italian, Japanese, Korean, Malay, Norwegian, Polish, Portuguese (Brazil), Portuguese (Portugal), Romanian, Russian, Slovak, Slovenian, Spanish, Spanish (Mexico), Swedish, Tagalog, Thai, Turkish, Ukrainian;4.21;;;
https://image.api.playstation.com/vulcan/ap/rnd/202503/0511/cadf9d8f8a3e0804296885651e67a77f2fc521d4c7ac8e52.png;Drug Dealer Simulator 2;EP6625-PPSA28764_00-DDS2GAME00000000;2081;INR;Да;New;https://store.playstation.com/en-in/concept/10014022;DDS is a series that started over 5 years ago, and was the first to introduce players to the dark world of illegal substance dealers.<br><br>Build your own crime empire from the ground up in a first-person co-op sim set in a dynamic open world.<br><br>Welcome to Isla Sombra, where power is the only law.<br><br>ENTER THE LIFE OF CRIME<br><br>Make crime your day-to-day job. Gather and collect ingredients, work hard to gain customers, take their orders, schedule meetings and sell your stock. Remember to use the services of your employees and influencers, and make a fortune!<br><br>PLAY SOLO OR IN A 3-PERSON CO-OP<br>Hoard the money yourself or split the wealth and responsibilities. Create order or spark chaos when your friends least expect it.<br><br>GET HANDS-ON WITH CRIME<br>Acquire, process and distribute your products. Buy and produce ingredients, and process, mix and/or purify them to achieve the desired quality. Buy all the best furniture and equipment – decorate and customize your hideouts and stockpile your labs. Hire new employees and assign them gang ranks.<br><br>WATCH YOUR BACK<br>Deal with crooked cops, gangs and local militia. Avoid, bribe, or parkour your way out of harm's way. Fight enemies and loot better gear, handheld weapons and useful items. Time to show who's boss!;IARC 18+;PS5;17/6/2026;Movie Games S.A.;Simulation;English;Chinese (Simplified), Czech, English, French (France), German, Hungarian, Italian, Japanese, Korean, Polish, Portuguese (Brazil), Romanian, Russian, Slovak, Spanish, Turkish;4.14;;;2081
https://image.api.playstation.com/vulcan/ap/rnd/202605/1515/f63e3dca7859bb82c50503373d739541a9dbf1733aadfd42.png;D.U.M.B.E.R. Ducks;UB0108-PPSA37740_00-0901802138833225;415;INR;Да;New;https://store.playstation.com/en-in/concept/10019566;When a distress signal from deep with the earth is received, it's the D.U.M.B. ducks to rescue! They must retrieve their fellow ducks, as well as lost equipment, then blow up the underground caverns in the process. There's only one thing to worry about -- giant, carnivorous snails! Will the ducks or snails survive to eat the other side?<br><br>Carry up to four guns at once as you fight for your fellow fowl's lives!;IARC 7+;PS5;4/6/2026;Cascadia Games LLC;Action;;English;5;;;
https://image.api.playstation.com/vulcan/ap/rnd/202606/0323/19b40500315f1d5d25be21a5846b163c32dd57645402b433.png;Dungeon Bricker;UB0008-PPSA37321_00-0046462721425185;332;INR;Да;New;https://store.playstation.com/en-in/concept/10019302;It’s a unique and interesting title where your focus is to try to move the player from wall to all or corner to corner in order to create a path of bricks and complete the level. Once the level is full of bricks, you can reach the next level. There are more than 150 levels to go through, and you will have a lot of fun enjoying every moment, while also testing your skills. Do you have what it takes to complete all levels?<br><br>Features:<br>- 150+ levels to play through<br>- Test your skills and have fun<br>- Fun game mechanics<br>- Cool pixel art;IARC 3+;PS5;18/6/2026;Gametry sp. z o. o.;Action;;English;4.25;;;
https://image.api.playstation.com/vulcan/ap/rnd/202604/2517/34737c69299664fd971755910026a5b24c00db4795053048.png;Dungeons Of The Deep VR;UP7276-PPSA37767_00-0123456789DOTDVR;1248;INR;Да;New;https://store.playstation.com/en-in/concept/10019586;An all new VR experience!<br><br>Upon every full moon, an unknown beast releases itself from the depths of Mount Deepira Tomb. Roaming the small village of Runa Belgorist, it seeks a new victim to ensure the survival of their very own unnatural kind. The towns folk have hired a drifter that specializes in the slaying of wicked night beasts. You must travel to Mount Deepira Tomb and slay the beast that is terrorizing and killing the people.<br><br>Make your way through the perilous dungeons in this first person dungeon crawler. Face numerous monsters each with their own attacks and strengths. Fight them with an arsenal of weapons and magic while solving puzzles and finding ways to survive and escape the dungeons.<br><br>- 11 unique and lengthy dungeons to explore.<br>- 14 Weapons and Magic to choose from to slay your foes.<br>- 35 Unique and massive dungeon monsters to fight.<br>- Fully animated monsters, weapons and environment.<br>- Unique soundtrack that matches the theme of each dungeon.<br>- Realtime combat.<br>- Grid based movement.<br>- BONUS: Add-On #1 included. Contains 1 new dungeon, 7 new monsters and misc new gameplay sequences, dungeon items etc.<br><br>Take advantage of the PlayStation®5 DualSense controller where you can literally feel all of your interactions within the environment. From footsteps to opening doors, pulling levers, taking damage and wielding weapons and shields, you can feel the weight of everything you interact with making for the most immersive dungeon crawling experience to date.;IARC 12+;PS5;31/5/2026;Gray Mantis;Action, Adventure;;Chinese (Simplified), English, French (France), German, Italian, Japanese, Korean, Portuguese (Portugal), Russian, Spanish;3.56;;;
https://image.api.playstation.com/vulcan/ap/rnd/202605/2008/231d375ee1c6657f633bf1cb8547723f295c21805cee215d.png;Ecchi Crush;HB1050-CUSA59368_00-2000000000000000;0;RUB;Да;New;https://store.playstation.com/en-in/concept/10019616;Ready to line things up and see where it leads? Match colorful pieces, chain together juicy combos, and clear the board to reveal a gorgeous surprise waiting underneath.<br><br>Every move clears a little more of the picture. Keep crushing tiles, breaking through tougher boards to reveal beautiful girl piece by piece. Complete all levels to unlock a special moving version of the picture, where the girl comes to life alongside a live clock.<br><br>The deeper you go, the hotter it gets... so stay sharp and keep the matches coming.<br><br>Features:<br>- Beautiful woman to reveal<br>- Simple and engaging match-3 gameplay<br>- Satisfying combos and challenging stages<br>- Unlockable moving picture with a live clock<br>- A treat for your eyes<br>- Unique music<br><br>Your crush is waiting for you.;IARC 12+;PS4;4/6/2026;YABAI.GAMES Sp. z o.o.;Puzzle, Casual, Arcade;;English;3.88;;;
https://image.api.playstation.com/vulcan/ap/rnd/202602/1317/6110697b47ee9bafcf3ccff4ace6c064c525c2e1b0dc02e4.png;Emoji Battlefield - Sky Massacre;EP6556-PPSA35157_00-0819753094202286;415;INR;Да;New;https://store.playstation.com/en-in/concept/10018047;"The emojis have ascended — and heaven is under attack. <br>In this chaotic rogue-like first-person shooter, you fight to defend sacred floating temples as waves of emojis invade from beyond the clouds. <br>Before each run, choose your modifiers: make the challenge brutal with Hard Mode, turn every enemy into a halo-wearing trickster, or enable Bouncy Mode to turn the battlefield into a storm of leaping chaos. <br>Then step into the sky arenas — floating temples, shattered bridges, and ancient ruins drifting above endless clouds. Each arena offers unique hazards like breakable floors, explosive relics, and narrow walkways where one wrong step means a long fall. <br>Armed with a simple pistol, you’ll face waves of emojis that rush, fly, shield, explode, and overwhelm. Destroy them to collect glowing orbs, level up, and choose powerful upgrades: boost your stats, gain perks, or spawn new weapons to shift the tide. <br>Every second becomes a balancing act between precision and survival. The further you hold out, the more aggressive and varied the emojis become — from bouncing kamikazes to floating sharpshooters raining fire from above. <br>Survive long enough, and you’ll unlock new arenas, modifiers, and more ways to embrace the madness of the skies.";IARC 7+;PS5;18/6/2026;EpiXR Games UG;Shooter, Action, Shooter;;Chinese (Simplified), Czech, Dutch, English, French (France), German, Italian, Japanese, Korean, Polish, Portuguese (Brazil), Portuguese (Portugal), Russian, Spanish, Swedish, Thai, Turkish, Ukrainian, Vietnamese;2.25;;;
https://image.api.playstation.com/vulcan/ap/rnd/202605/1210/cb750c3d22769dc9b93b0ea019851df9f224bb9d80d657d1.png;Escape the Backrooms;UP8634-PPSA23300_00-0097358964792948;1082;INR;Да;New;https://store.playstation.com/en-in/concept/10010992;Explore the seemingly infinite expanse of eerily familiar levels in the backrooms based on the popular creepypasta lore. Each level features different ways to escape with danger along the way.<br><br><b>Immersive Experience</b><br>Realistic graphics, minimal user interfaces, and dreary ambience will ensure an immersive experience.<br><br><b>Co-op Multiplayer</b><br>Explore the backrooms with a team of up to 4 players. Be warned, as teammates may no-clip into other areas of the map and every member of your team must find the exit alive to escape. No wanderer left behind.<br><br><b>Unique Levels</b><br>Traverse though 30+ unique levels based on backrooms lore with regular content updates adding more. Each level features a different way to escape with various danger along the way.<br><br><b>Dangerous Entities</b><br>Check every corner so you won't be caught off guard by the many hostile entities in the backrooms, each with their own mechanics you'll need to quickly learn if you want to survive.<br><br><b>Proximity Voice Chat</b><br>Communicate with your teammates with proximity voice chat. Be sure to not wander far away from your team, as you can easily get lost in the confusing expanse of the backrooms. Entities can also hear you, so stay quiet whenever you're near any danger.;IARC 18+;PS5;28/5/2026;Secret Mode Limited;Horror, Puzzle;English;Chinese (Simplified), Chinese (Traditional), English, French (France), German, Japanese, Korean, Polish, Portuguese (Brazil), Russian, Spanish, Turkish;4.56;;;
https://image.api.playstation.com/vulcan/ap/rnd/202604/2708/b82060438974f72cdccb789fa31a97aa237c94736554cdcf.png;Exodus: Creepy Time;UB0851-PPSA37635_00-EXODUSCREEPYTIME;665;INR;Да;New;https://store.playstation.com/en-in/concept/10019498;"""Exodus: Creepy Time"" is an exciting casual style game with elements of a simplified roguelike. An ominous journey through dark and gloomy locations awaits you, where every action you take has serious consequences. Survive in a world where darkness and horror lurk at every turn. Collect resources, upgrade your character and develop new skills to survive in this horror world.<br><br>Trapped in a world steeped in darkness and horror, where sinister forces rule every corner. The main character discovers that the world he is in has turned out to be cursed. People and animals have turned into mutants and monsters under the influence of dark forces. He is left alone with this horror, and his only goal is to find a way out of this nightmarish reality, but keep in mind time is inexorably ticking, and the curse is getting stronger by the hour. Will the hero be able to find the strength and wisdom to overcome the horrors of this ""Creepy Time"" and free himself from this dark web?<br>Immerse yourself in ""Exodus: Creepy Time"", where your every decision<br><br>Features:<br>- Simple and Addictive Gameplay<br>- Constant Threat<br>- Improvements and New Skills<br>- Bright cartoon graphics<br>- Cool characters<br>- An invigorating soundtrack";IARC 7+;PS5;27/5/2026;Brainium Games LLC;Action;;English, Russian;1;;;
